ray1,ray2,ray3,ray4,ray5,kartx,karty,kartz,time,action
-1,6.521043,4.61109,6.489725,4.588912,15.98893,0.2756149,3.105009,0.3733333,NONE
-1,6.52091,4.611073,6.489857,4.588929,15.98893,0.2757308,3.105008,0.4607369,ACCELERATE
-1,6.520905,4.611069,6.489862,4.588933,15.98893,0.2757393,3.105008,0.4877661,ACCELERATE
-1,6.520905,4.611069,6.489862,4.588933,15.98893,0.2757404,3.105008,0.4930861,ACCELERATE
-1,6.520902,4.611067,6.489864,4.588934,15.98893,0.2757439,3.105008,0.5159726,ACCELERATE
-1,6.520897,4.611063,6.48987,4.588938,15.98894,0.275746,3.105011,0.6095373,ACCELERATE
-1,6.520889,4.611057,6.489878,4.588944,15.98894,0.2757446,3.105018,0.7229112,ACCELERATE
-1,6.520884,4.611053,6.489883,4.588948,15.98895,0.2757439,3.105024,0.8035145,ACCELERATE
-1,6.520876,4.611048,6.489892,4.588953,15.98895,0.2757445,3.105039,0.9040794,ACCELERATE
-1,6.520871,4.611044,6.489897,4.588957,15.98896,0.2757442,3.105052,1.00831,ACCELERATE
-1,6.520868,4.611042,6.489899,4.588959,15.98896,0.2757437,3.105067,1.109756,ACCELERATE
-1,6.520868,4.611042,6.489899,4.588959,15.98896,0.2757442,3.105081,1.203082,ACCELERATE
-1,6.520868,4.611042,6.489899,4.588959,15.98896,0.2757437,3.105095,1.308031,ACCELERATE
-1,6.520868,4.611042,6.489899,4.588959,15.98896,0.2757439,3.10511,1.415278,ACCELERATE
-1,6.520868,4.611042,6.489899,4.588959,15.98896,0.2757439,3.105122,1.505505,ACCELERATE
-1,6.520868,4.611042,6.489899,4.588959,15.98896,0.275744,3.105134,1.600592,ACCELERATE
-1,6.520868,4.611042,6.489899,4.588959,15.98896,0.2757446,3.105152,1.701503,ACCELERATE
-1,6.520868,4.611042,6.489899,4.588959,15.98896,0.2757438,3.105163,1.803786,ACCELERATE
-1,6.520868,4.611042,6.489899,4.588959,15.98896,0.2757438,3.105179,1.900634,ACCELERATE
-1,6.520868,4.611042,6.489899,4.588959,15.98896,0.2757444,3.105199,2.003884,ACCELERATE
-1,6.520868,4.611042,6.489899,4.588959,15.98896,0.2757447,3.105216,2.101146,ACCELERATE
-1,6.520868,4.611042,6.489899,4.588959,15.98896,0.2757431,3.105226,2.207723,ACCELERATE
-1,6.520868,4.611042,6.489899,4.588959,15.98896,0.2757444,3.105243,2.30902,ACCELERATE
-1,6.520868,4.611042,6.489899,4.588959,15.98896,0.2757441,3.105256,2.40224,ACCELERATE
-1,6.520868,4.611042,6.489899,4.588959,15.98896,0.2757435,3.105269,2.505389,ACCELERATE
-1,6.520868,4.611042,6.489899,4.588959,15.98896,0.2757441,3.105288,2.609671,ACCELERATE
-1,6.520868,4.611042,6.489899,4.588959,15.98896,0.2757443,3.105303,2.703983,ACCELERATE
-1,6.520868,4.611042,6.489899,4.588959,15.98896,0.2757438,3.105316,2.809036,ACCELERATE
-1,6.520868,4.611042,6.489899,4.588959,15.98896,0.2757447,3.105337,2.915164,ACCELERATE
-1,6.520868,4.611042,6.489899,4.588959,15.98896,0.2757445,3.10535,3.001705,ACCELERATE
-1,6.520878,4.61104,6.489888,4.588961,15.98896,0.2757261,3.144901,3.102579,ACCELERATE
-1,6.520944,4.61103,6.489824,4.588972,15.98897,0.2757055,3.32426,3.201657,ACCELERATE
-1,6.521007,4.611024,6.48976,4.588977,15.98898,0.2756979,3.651215,3.303153,ACCELERATE
-1,6.521123,4.611024,6.489645,4.588977,15.98897,0.2850838,4.107244,3.404124,ACCELERATE
-1,6.521392,4.611064,6.489377,4.588937,15.98893,0.2782177,4.673132,3.503247,ACCELERATE
-1,6.521529,4.611122,6.48924,4.588879,15.98886,0.2798139,5.381481,3.605672,ACCELERATE
-1,6.521677,4.611191,6.489092,4.58881,15.9888,0.2790504,6.196402,3.707308,ACCELERATE
-1,6.521877,4.611266,6.488893,4.588735,15.98873,0.2793826,7.045964,3.801949,ACCELERATE
-1,6.593185,4.616565,6.419894,4.583875,15.97864,0.2791821,8.131821,3.911811,LEFT_ACCELERATE
-1,7.063286,4.688603,6.034848,4.528636,15.90147,0.2791757,9.168091,4.009205,LEFT_ACCELERATE
-1,7.359117,4.798427,5.811567,4.429431,15.79543,0.2791312,10.19695,4.100574,ACCELERATE
-1,7.557275,4.927993,5.641861,4.299817,15.68214,0.2791763,11.41133,4.202827,ACCELERATE
-1,7.723485,5.037059,5.499275,4.190662,15.55968,0.2791668,12.82739,4.316361,ACCELERATE
-1,7.868146,5.131724,5.375283,4.095956,15.46552,0.2791636,13.96262,4.403972,ACCELERATE
-1,8.050351,5.250772,5.219197,3.976882,15.36006,0.2791582,15.26385,4.501473,ACCELERATE
-1,8.219345,5.361078,5.074485,3.866565,15.24938,0.2791603,16.65155,4.602677,RIGHT_ACCELERATE
-1,8.119842,5.438217,5.070214,3.774618,15.16074,0.2791605,18.17832,4.711304,RIGHT_ACCELERATE
-1,7.965113,5.464582,5.135616,3.739492,15.13661,0.2791585,19.47838,4.801992,ACCELERATE
-1,8.000293,5.489333,5.102123,3.714711,15.10658,0.2791597,20.94573,4.902747,ACCELERATE
-1,8.057492,5.527957,5.048577,3.676117,15.07246,0.2791568,22.3911,5.00062,ACCELERATE
-1,8.115942,5.567587,4.993784,3.636509,15.03327,0.2791597,23.91638,5.103083,ACCELERATE
-1,8.167656,5.602777,4.945242,3.601334,14.99271,0.2791592,25.41249,5.203562,ACCELERATE
-1,8.235779,5.64923,4.881245,3.554894,14.95169,0.2791599,26.87532,5.301806,ACCELERATE
-1,8.403454,5.696185,4.768894,3.511694,14.89366,0.2791606,28.37864,5.402824,LEFT_ACCELERATE
-1,9.376771,5.878018,4.294071,3.381082,14.71581,0.2791692,29.953,5.509362,LEFT_ACCELERATE
-1,-1,6.273052,3.671104,3.096452,14.42518,0.2791679,31.31665,5.603066,LEFT_ACCELERATE
-1,-1,6.633464,3.234836,2.764803,14.0276,0.2791621,32.96175,5.716704,ACCELERATE
-1,-1,6.98587,2.822533,2.412191,13.74562,0.2791601,34.18081,5.800711,ACCELERATE
-1,-1,7.324326,2.424096,2.071305,13.41528,0.2791607,35.65697,5.902266,ACCELERATE
-1,-1,7.593616,2.100858,1.760568,13.06564,0.2791604,37.25928,6.012369,ACCELERATE
-1,-1,7.803656,1.852454,1.464432,12.74116,0.2791601,38.77105,6.116173,ACCELERATE
-1,-1,7.9196,1.738746,1.303553,12.46665,0.2791603,40.01715,6.201843,LEFT_ACCELERATE
-1,-1,8.081089,1.530682,1.135675,11.98945,0.2791721,41.64618,6.315986,LEFT_ACCELERATE
-1,-1,8.287338,1.248753,0.9401395,11.49973,0.2791751,42.8032,6.400493,LEFT_ACCELERATE
-1,-1,8.445171,1.04533,0.7577552,10.7822,0.2791689,44.23103,6.507823,LEFT_ACCELERATE
-1,-1,8.518142,1.021565,0.6837254,10.12316,0.279163,45.49785,6.603701,LEFT_ACCELERATE
-1,9.612131,8.480548,1.335293,0.7739902,9.453536,0.2791625,46.78002,6.700817,ACCELERATE
-1,8.990568,8.334604,2.217951,1.044818,8.689318,0.2791606,48.27903,6.81378,LEFT_ACCELERATE
-1,8.387501,8.067204,4.417523,1.470374,8.012875,0.2791613,49.54553,6.910214,LEFT_ACCELERATE
-1,7.906485,7.643689,-1,1.948809,7.267917,0.2791746,50.69747,7.002475,LEFT_ACCELERATE
-1,7.641966,7.213991,-1,2.303861,6.1554,0.2792042,51.95852,7.115795,LEFT_ACCELERATE
-1,7.64743,6.882102,6.060881,2.487425,4.986967,0.2792164,52.84953,7.214913,LEFT_ACCELERATE
-1,7.851805,6.743489,4.948835,2.529158,3.81357,0.2792142,53.44952,7.303874,LEFT_ACCELERATE
-1,8.174338,6.746908,4.258065,2.484837,2.454724,0.2791977,53.90915,7.400606,LEFT_ACCELERATE
-1,8.109446,6.813748,4.0717,2.42107,0.778476,0.279179,54.29402,7.516207,LEFT_ACCELERATE
-1,7.718483,6.824408,4.373452,2.450955,-0.5143077,0.2791685,54.571,7.604998,ACCELERATE
-1,7.687475,6.715983,5.166489,2.661504,-1.945414,0.2791625,54.91124,7.703776,ACCELERATE
-1,7.273333,6.507784,5.915318,2.980348,-3.365435,0.2791624,55.27376,7.802176,LEFT_ACCELERATE
-1,7.007666,6.207985,6.29601,3.303174,-4.890107,0.27916,55.64095,7.907501,LEFT_ACCELERATE
-1,5.003706,4.138719,6.020335,3.534434,-6.298587,0.2791687,55.8617,8.003353,LEFT_ACCELERATE
-1,3.824825,3.040447,-1,-1,-7.741415,0.2791663,55.98885,8.100634,LEFT_ACCELERATE
-1,3.743897,2.967329,-1,-1,-9.43152,0.2791625,56.13585,8.214539,ACCELERATE
-1,3.753633,2.975749,-1,-1,-10.74194,0.2791608,56.26505,8.302942,ACCELERATE
-1,3.339263,2.612462,-1,-1,-12.26171,0.2791598,56.40604,8.405426,LEFT_ACCELERATE
-1,1.099941,0.8034059,-1,-1,-13.67918,0.2791694,56.43967,8.500754,LEFT_ACCELERATE
-1,2.496212,1.903671,-1,-1,-15.20038,0.2791823,56.28596,8.603652,LEFT_ACCELERATE
-1,4.523623,3.711286,-1,-1,-16.72445,0.2791747,55.97308,8.708215,LEFT_ACCELERATE
-1,4.034793,3.360019,-1,-1,-18.07271,0.2791651,55.67036,8.801002,ACCELERATE
-1,3.690316,3.072411,-1,-1,-19.62048,0.2791626,55.34908,8.907137,ACCELERATE
-1,3.31188,2.756548,-1,-1,-21.17001,0.2791615,55.04588,9.01314,ACCELERATE
-1,2.970301,2.469621,-1,-1,-22.46035,0.2791614,54.80228,9.101297,ACCELERATE
-1,2.706602,2.204849,-1,-1,-24.06852,0.2791605,54.50601,9.211079,ACCELERATE
-1,2.534106,1.941731,-1,-1,-25.60776,0.2791606,54.22734,9.316094,ACCELERATE
-1,2.522704,1.816752,-1,-1,-26.85387,0.2791609,54.00326,9.401095,LEFT_ACCELERATE
-1,2.516692,1.73296,-1,-1,-28.32172,0.279161,53.68815,9.501958,LEFT_ACCELERATE
-1,2.475391,1.645243,9.382216,-1,-29.75777,0.2791646,53.2616,9.602598,LEFT_ACCELERATE
-1,2.748552,1.659833,9.018605,-1,-31.18325,0.2791624,52.80901,9.703011,LEFT_ACCELERATE
-1,3.180554,1.766741,8.695526,7.494451,-32.60735,0.279165,52.29501,9.804744,LEFT_ACCELERATE
-1,3.328038,1.854973,8.618872,7.391264,-33.89811,0.2791866,51.66227,9.901474,LEFT_ACCELERATE
-1,3.023037,1.83995,8.841621,7.374418,-35.22295,0.2792111,50.70726,10.01159,LEFT_ACCELERATE
-1,2.508529,1.700713,9.340557,7.499056,-36.22034,0.2792141,49.63143,10.1106,LEFT_ACCELERATE
-1,2.075141,1.493573,9.798383,7.717982,-36.97461,0.2792015,48.50603,10.20193,LEFT_ACCELERATE
-1,1.651592,1.18967,-1,8.016352,-37.66121,0.2791859,47.20794,10.30067,LEFT_ACCELERATE
-1,1.522468,1.024596,-1,8.176485,-38.30644,0.27917,45.87679,10.40002,ACCELERATE
-1,1.735171,1.03725,9.563016,8.193798,-39.05283,0.279164,44.41595,10.51018,ACCELERATE
-1,2.433702,1.244548,9.00272,8.085844,-39.68781,0.2791614,43.22651,10.60071,ACCELERATE
-1,3.900875,1.621873,8.380891,7.867478,-40.41621,0.2791608,41.89687,10.70249,ACCELERATE
-1,6.012792,2.07952,7.812989,7.562372,-41.16019,0.2791599,40.53069,10.80694,LEFT_ACCELERATE
-1,6.74142,2.612237,7.313222,7.046106,-41.76397,0.2791687,39.22131,10.90388,LEFT_ACCELERATE
-1,6.079388,2.917541,7.217561,6.591404,-42.19944,0.279193,37.83905,11.00146,LEFT_ACCELERATE
-1,5.169246,3.039731,7.613164,6.283253,-42.41367,0.2788531,36.24519,11.10981,LEFT_ACCELERATE
8.299277,4.484046,3.009073,8.346715,6.202874,-42.4021,0.3115468,34.90785,11.20034,LEFT_ACCELERATE
-1,4.169683,2.920051,8.797178,6.280375,-42.30072,0.301975,33.4115,11.30077,LEFT_ACCELERATE
-1,3.972583,2.813482,9.046225,6.386531,-42.2019,0.2903641,31.7059,11.4159,ACCELERATE
-1,3.905103,2.76335,9.109486,6.436654,-42.15466,0.2850289,30.41237,11.50277,ACCELERATE
-1,3.851079,2.723352,9.160131,6.476649,-42.11821,0.2807722,28.90296,11.60411,ACCELERATE
-1,3.81309,2.695875,9.196907,6.504126,-42.09509,0.279553,27.42603,11.70326,ACCELERATE
-1,3.793988,2.681932,9.215119,6.518069,-42.07965,0.2792577,25.90438,11.80542,ACCELERATE
-1,3.778821,2.670923,9.229687,6.529078,-42.06956,0.2791826,24.34553,11.91007,ACCELERATE
-1,3.769216,2.66398,9.238972,6.536021,-42.06378,0.2791679,22.94797,12.0039,ACCELERATE
-1,3.764038,2.66025,9.243999,6.539752,-42.0597,0.2791616,21.3634,12.11028,ACCELERATE
-1,3.760412,2.657648,9.247542,6.542354,-42.05735,0.2791598,19.79445,12.21561,ACCELERATE
-1,3.758563,2.656332,9.249371,6.54367,-42.05628,0.2791598,18.52505,12.30083,ACCELERATE
-1,3.757618,2.655672,9.250331,6.54433,-42.05561,0.2791602,16.80371,12.41639,ACCELERATE
-1,3.757343,2.655497,9.250644,6.544505,-42.0555,0.2791599,15.55255,12.50039,ACCELERATE
-1,3.757451,2.655596,9.250583,6.544406,-42.05564,0.2791609,14.06596,12.60019,ACCELERATE
-1,3.757932,2.655973,9.25018,6.544028,-42.05605,0.2791603,12.31588,12.71768,ACCELERATE
-1,3.758525,2.656427,9.249659,6.543574,-42.05645,0.2791604,11.08631,12.80022,ACCELERATE
-1,3.759263,2.656988,9.249003,6.543014,-42.05702,0.2791604,9.532288,12.90455,ACCELERATE
-1,3.759973,2.657526,9.248369,6.542476,-42.05764,0.2791603,7.966573,13.00967,ACCELERATE
-1,3.760819,2.658167,9.247612,6.541835,-42.0582,0.2791608,6.610745,13.10069,ACCELERATE
-1,3.761618,2.658773,9.246899,6.541228,-42.05889,0.2791605,4.916509,13.21443,ACCELERATE
-1,3.762422,2.659384,9.246181,6.540618,-42.05949,0.2791605,3.453745,13.31264,ACCELERATE
-1,3.76313,2.659922,9.245551,6.54008,-42.06004,0.2791603,2.111728,13.40273,ACCELERATE
-1,3.763952,2.660547,9.244822,6.539454,-42.06063,0.27916,0.6242703,13.50259,ACCELERATE
-1,3.764766,2.661169,9.244104,6.538833,-42.06127,0.2791604,-1.051655,13.61511,ACCELERATE
-1,3.691606,2.650182,9.407882,6.550889,-42.04099,0.2791601,-2.41478,13.70665,LEFT_ACCELERATE
-1,3.383607,2.55198,-1,6.668417,-41.94069,0.2791626,-3.826477,13.80172,LEFT_ACCELERATE
-1,3.193904,2.420965,-1,6.80283,-41.8094,0.2791618,-5.318256,13.90226,ACCELERATE
-1,3.04815,2.310369,-1,6.91339,-41.68188,0.279161,-6.863324,14.00634,ACCELERATE
-1,2.892384,2.192119,-1,7.031581,-41.56475,0.2791609,-8.353046,14.10666,RIGHT_ACCELERATE
-1,2.846861,2.096757,-1,7.111198,-41.48891,0.2791637,-9.907701,14.21122,RIGHT_ACCELERATE
-1,2.931035,2.089376,-1,7.110929,-41.49061,0.279162,-11.47937,14.31675,ACCELERATE
-1,2.938227,2.093819,-1,7.106462,-41.4938,0.2791608,-12.78234,14.40423,ACCELERATE
-1,2.937076,2.093168,-1,7.107118,-41.49244,0.2791606,-14.31233,14.50694,ACCELERATE
-1,2.929698,2.088115,-1,7.112178,-41.48779,0.2791612,-15.74563,14.60317,ACCELERATE
-1,2.92133,2.08226,-1,7.118037,-41.48068,0.2791602,-17.22215,14.7023,ACCELERATE
-1,2.908578,2.073273,-1,7.127028,-41.47153,0.2791602,-18.77025,14.80623,ACCELERATE
-1,2.886883,2.061835,9.792571,7.13863,-41.46092,0.2791607,-20.19486,14.90187,LEFT_ACCELERATE
-1,2.732017,2.016437,9.835732,7.193486,-41.39307,0.2791605,-21.76704,15.00758,LEFT_ACCELERATE
-1,2.59777,1.896403,9.717095,7.316436,-41.26947,0.2791616,-23.26291,15.10836,ACCELERATE
-1,2.683175,1.817909,9.355603,7.38041,-41.15333,0.2791595,-24.67972,15.2038,LEFT_ACCELERATE
-1,2.735758,1.795749,9.215745,7.405026,-40.96018,0.2791619,-26.25242,15.31025,LEFT_ACCELERATE
-1,2.946653,1.809491,8.936402,7.399099,-40.70196,0.2791634,-27.75672,15.41273,LEFT_ACCELERATE
-1,3.187321,1.87301,8.737304,7.355109,-40.41403,0.2791654,-29.04431,15.50138,LEFT_ACCELERATE
-1,3.708229,1.97378,8.418004,7.286032,-39.96793,0.2791634,-30.63534,15.61235,ACCELERATE
-1,5.421969,2.226712,7.901027,7.131402,-39.54139,0.279162,-32.10007,15.71479,LEFT_ACCELERATE
-1,-1,2.509867,7.561917,6.879462,-39.08836,0.2791693,-33.34095,15.80359,LEFT_ACCELERATE
-1,8.50193,2.671357,7.445363,6.681051,-38.40845,0.2791932,-34.66314,15.9037,LEFT_ACCELERATE
-1,5.699324,2.755021,7.589734,6.49657,-37.51937,0.2792146,-35.83431,16.00285,LEFT_ACCELERATE
-1,4.669819,2.692044,7.932072,6.514549,-36.32942,0.2792132,-36.88757,16.11014,LEFT_ACCELERATE
-1,4.059162,2.559306,8.301875,6.641654,-35.18538,0.2791983,-37.61353,16.20148,LEFT_ACCELERATE
-1,3.718179,2.368772,8.530771,6.834331,-33.84314,0.2791821,-38.29136,16.30257,LEFT_ACCELERATE
-1,3.920793,2.306232,8.36025,6.91896,-32.431,0.2791687,-38.96223,16.40757,ACCELERATE
-1,4.765656,2.412153,7.94219,6.879437,-31.12714,0.2791622,-39.61609,16.50551,LEFT_ACCELERATE
-1,5.69322,2.644517,7.596689,6.70237,-29.80689,0.2791624,-40.23725,16.60354,LEFT_ACCELERATE
-1,5.525349,2.784144,7.571374,6.523427,-28.24646,0.279183,-40.77066,16.71452,LEFT_ACCELERATE
-1,5.114114,2.849055,6.89746,6.107204,-26.81141,0.2791809,-41.05523,16.81295,LEFT_ACCELERATE
-1,5.089543,2.92771,5.607457,4.732568,-25.4679,0.2791715,-41.23926,16.90402,LEFT_ACCELERATE
-1,5.428173,3.109607,5.537624,4.659083,-23.79544,0.2791634,-41.47677,17.01745,ACCELERATE
-1,5.685286,3.320915,5.143404,4.269484,-22.39691,0.2791602,-41.67891,17.11234,LEFT_ACCELERATE
-1,-1,-1,3.4023,2.668831,-21.06194,0.2791663,-41.78577,17.20237,LEFT_ACCELERATE
-1,-1,-1,0.7746176,0.5603736,-19.35766,0.2791735,-41.7235,17.31709,LEFT_ACCELERATE
-1,-1,-1,1.832423,1.368171,-18.12527,0.2791665,-41.60122,17.40026,LEFT_ACCELERATE
-1,-1,-1,1.937208,1.450787,-16.58913,0.2791643,-41.4552,17.50386,ACCELERATE
-1,-1,-1,1.927678,1.443158,-15.11406,0.2791612,-41.33686,17.60322,ACCELERATE
-1,-1,-1,1.920875,1.437752,-13.61604,0.2791603,-41.23036,17.70404,ACCELERATE
-1,-1,-1,1.916847,1.434555,-12.0309,0.2791602,-41.12718,17.81069,ACCELERATE
-1,-1,-1,1.914091,1.432369,-10.66151,0.2791603,-41.04314,17.9028,ACCELERATE
-1,-1,-1,1.912663,1.431237,-9.21627,0.2791593,-40.95783,17.99999,ACCELERATE
-1,-1,-1,1.911821,1.43057,-7.585217,0.27916,-40.86435,18.10968,ACCELERATE
-1,-1,-1,1.911406,1.43024,-6.201244,0.2791596,-40.78655,18.20273,ACCELERATE
-1,-1,-1,1.911277,1.430141,-4.713879,0.2791601,-40.70396,18.30274,LEFT_ACCELERATE
-1,-1,-1,2.67685,2.051098,-3.046368,0.2791623,-40.57512,18.41508,LEFT_ACCELERATE
-1,-1,-1,2.882788,2.096986,-1.752557,0.2791765,-40.35629,18.50334,LEFT_ACCELERATE
-1,9.885539,-1,2.466634,1.869601,-0.3330795,0.2791785,-39.93578,18.60295,LEFT_ACCELERATE
-1,9.916529,-1,2.201329,1.627762,1.02039,0.2791723,-39.42263,18.70018,LEFT_ACCELERATE
-1,9.618808,-1,2.190566,1.500321,2.461865,0.2791641,-38.87022,18.80383,LEFT_ACCELERATE
-1,9.292754,7.73924,2.348819,1.478697,3.862773,0.279162,-38.31153,18.90512,LEFT_ACCELERATE
-1,9.242502,7.734573,2.374399,1.47765,5.133646,0.2791749,-37.66966,19.00089,LEFT_ACCELERATE
-1,9.30784,7.77336,2.27716,1.437774,6.414487,0.2791806,-36.80169,19.10499,LEFT_ACCELERATE
-1,9.130704,7.806631,2.403424,1.423241,7.667537,0.279175,-35.79592,19.21295,LEFT_ACCELERATE
-1,9.102668,7.788225,2.450458,1.442288,8.609844,0.279185,-34.89285,19.30074,LEFT_ACCELERATE
-1,9.25455,7.805454,2.301538,1.412819,9.606922,0.2791888,-33.63182,19.40898,LEFT_ACCELERATE
-1,9.272641,7.849965,2.261809,1.372324,10.42574,0.2791831,-32.32238,19.51281,LEFT_ACCELERATE
-1,9.44302,7.885385,2.124786,1.33041,11.02173,0.2791901,-31.10664,19.60392,LEFT_ACCELERATE
-1,9.618077,7.957718,1.954974,1.251308,11.57503,0.2791822,-29.53127,19.71621,LEFT_ACCELERATE
-1,9.481262,7.992749,2.023511,1.230218,11.93506,0.2791706,-28.33458,19.80013,LEFT_ACCELERATE
-1,9.094852,7.947988,2.431139,1.337456,12.38888,0.279164,-26.88976,19.90183,ACCELERATE
-1,8.595919,7.789019,3.325604,1.612509,12.86757,0.2791619,-25.46262,20.0029,ACCELERATE
-1,8.030577,7.471171,4.540977,2.081427,13.35353,0.2791601,-24.0413,20.10375,LEFT_ACCELERATE
-1,7.834734,7.092442,4.8486,2.421289,13.78166,0.2791657,-22.5181,20.21011,LEFT_ACCELERATE
-1,8.073,6.732264,4.505549,2.614525,13.99866,0.279187,-21.08591,20.30761,LEFT_ACCELERATE
-1,8.780322,6.57961,3.965979,2.6368,14.03093,0.2791795,-19.70108,20.40082,LEFT_ACCELERATE
-1,9.304065,6.628956,3.664224,2.571311,13.95814,0.2791707,-18.07152,20.51038,LEFT_ACCELERATE
-1,9.443596,6.694579,3.552261,2.505452,13.89692,0.2791638,-16.56932,20.61134,ACCELERATE
-1,9.492264,6.73143,3.501255,2.46861,13.86302,0.2791624,-15.23738,20.70079,ACCELERATE
-1,9.529523,6.760142,3.461725,2.439907,13.83704,0.2791609,-13.51448,20.81647,ACCELERATE
-1,9.5467,6.77345,3.443426,2.426605,13.82495,0.2791594,-12.05424,20.91452,ACCELERATE
-1,9.555264,6.780166,3.434226,2.419891,13.81902,0.2791595,-10.71997,21.00409,ACCELERATE
-1,9.559568,6.783694,3.429463,2.416365,13.81629,0.2791602,-9.277013,21.10096,ACCELERATE
-1,9.559493,6.78388,3.429323,2.41618,13.8162,0.2791598,-7.774079,21.20187,ACCELERATE
-1,9.557229,6.782387,3.431501,2.417674,13.81808,0.2791597,-6.211894,21.30674,ACCELERATE
-1,9.552792,6.77929,3.435924,2.420772,13.82089,0.2791594,-4.807486,21.40103,ACCELERATE
-1,9.547579,6.775585,3.44118,2.424477,13.82466,0.2791601,-3.319433,21.50093,ACCELERATE
-1,9.541377,6.771143,3.447462,2.428918,13.82969,0.27916,-1.59622,21.61662,ACCELERATE
-1,9.535577,6.766972,3.453355,2.433089,13.83417,0.2791596,-0.1776685,21.71185,ACCELERATE
-1,9.510898,6.76109,3.467823,2.439042,13.84249,0.2791604,1.338354,21.81364,RIGHT_ACCELERATE
-1,9.314095,6.729424,3.574823,2.472756,13.87413,0.2791614,2.631591,21.90049,ACCELERATE
-1,9.262832,6.693271,3.627629,2.508937,13.91535,0.2791596,4.230215,22.00785,ACCELERATE
-1,9.208776,6.653929,3.684338,2.54827,13.95351,0.2791594,5.819615,22.11459,LEFT_ACCELERATE
-1,9.452345,6.642044,3.595283,2.558137,13.95658,0.2791609,7.104177,22.20086,LEFT_ACCELERATE
-1,-1,6.734282,3.332491,2.477943,13.85549,0.2791615,8.80809,22.3155,LEFT_ACCELERATE
-1,-1,6.840633,3.183926,2.372722,13.76512,0.2791607,10.12578,22.40418,ACCELERATE
-1,-1,6.921607,3.075423,2.291715,13.67248,0.2791602,11.57645,22.50177,ACCELERATE
-1,-1,7.013972,2.952956,2.199008,13.57889,0.2791602,13.15477,22.60792,RIGHT_ACCELERATE
-1,-1,7.063912,2.95363,2.138747,13.53686,0.2791612,14.5575,22.70216,RIGHT_ACCELERATE
-1,-1,7.087749,2.92763,2.114349,13.50949,0.2791599,16.21608,22.81352,ACCELERATE
-1,-1,7.113004,2.892626,2.089096,13.48393,0.2791599,17.62435,22.90808,ACCELERATE
-1,-1,7.142976,2.850999,2.059134,13.45731,0.2791601,19.01275,23.0013,ACCELERATE
-1,-1,7.173074,2.809232,2.029044,13.42338,0.2791596,20.71429,23.11556,ACCELERATE
-1,-1,7.203746,2.766693,1.998379,13.39271,0.2791598,22.21132,23.21608,ACCELERATE
-1,-1,7.23125,2.728559,1.970879,13.365,0.2791591,23.54296,23.3055,ACCELERATE
-1,-1,7.266084,2.680274,1.936049,13.33429,0.2791592,25.00308,23.40355,ACCELERATE
-1,-1,7.296824,2.637671,1.905314,13.30358,0.27916,26.45189,23.50084,ACCELERATE
-1,-1,7.326461,2.596601,1.87568,13.26937,0.2791595,28.05635,23.60858,ACCELERATE
-1,-1,7.360733,2.549114,1.841413,13.2396,0.2791596,29.44706,23.70197,ACCELERATE
-1,-1,7.393326,2.503956,1.808823,13.20714,0.2791599,30.95879,23.80348,ACCELERATE
-1,-1,7.423182,2.462591,1.778969,13.17309,0.2791595,32.54118,23.90974,ACCELERATE
-1,-1,7.457529,2.415009,1.744627,13.14282,0.2791598,33.94519,24.00402,ACCELERATE
-1,-1,7.488698,2.371829,1.713461,13.11151,0.2791598,35.39553,24.10141,ACCELERATE
-1,9.702349,7.521267,2.404319,1.680894,13.07503,0.2791599,37.08355,24.21476,ACCELERATE
-1,9.276322,7.513873,2.617111,1.692223,13.04652,0.2791602,38.40092,24.30322,ACCELERATE
-1,8.793317,7.434742,3.09691,1.801606,13.01406,0.2791607,39.89781,24.40374,LEFT_ACCELERATE
-1,8.369693,7.280956,3.81488,1.99979,12.94195,0.2791625,41.5505,24.51485,LEFT_ACCELERATE
-1,8.188756,7.097081,4.212931,2.177523,12.76792,0.2791754,42.85587,24.60342,LEFT_ACCELERATE
-1,8.209288,6.997836,4.156418,2.248006,12.39117,0.279186,44.2697,24.70192,LEFT_ACCELERATE
-1,8.098744,6.932918,4.411317,2.314587,11.85806,0.2791816,45.65514,24.80172,LEFT_ACCELERATE
-1,8.097953,6.880596,4.387353,2.353344,11.14098,0.2791917,47.05219,24.9074,LEFT_ACCELERATE
-1,8.410384,6.910506,3.811326,2.295192,10.19327,0.2792103,48.31898,25.01406,LEFT_ACCELERATE
-1,8.852783,7.073502,3.216946,2.129794,9.261848,0.2792045,49.20749,25.10078,LEFT_ACCELERATE
-1,9.153573,7.277493,2.837728,1.931835,7.978635,0.2791882,50.15719,25.2082,LEFT_ACCELERATE
-1,9.129266,7.443065,2.725869,1.757416,6.664076,0.2791726,51.01787,25.31373,LEFT_ACCELERATE
-1,8.714308,7.476498,3.159194,1.769401,5.575664,0.2791658,51.74927,25.40179,ACCELERATE
-1,8.212016,7.378057,4.253809,1.970686,4.221033,0.2791615,52.70018,25.51292,LEFT_ACCELERATE
-1,7.682148,7.123731,6.351393,2.340846,2.939154,0.2791612,53.57299,25.61708,LEFT_ACCELERATE
-1,7.398918,6.800642,7.011031,2.661982,1.819209,0.2791747,54.20522,25.70357,LEFT_ACCELERATE
-1,7.347327,6.528811,6.267007,2.846485,0.3128227,0.2791905,54.80145,25.81267,LEFT_ACCELERATE
-1,7.336489,6.356592,5.865489,2.990298,-1.186545,0.2791806,55.18195,25.91671,LEFT_ACCELERATE
-1,7.197176,6.24535,6.004397,3.13254,-2.408557,0.2791696,55.43453,26.00051,LEFT_ACCELERATE
-1,6.851733,6.054806,6.587048,3.421527,-3.868634,0.279164,55.75223,26.10084,ACCELERATE
-1,6.529128,5.705677,7.01748,3.784798,-5.367643,0.2791605,56.07786,26.20385,LEFT_ACCELERATE
-1,4.669634,3.81961,-1,-1,-6.910971,0.279173,56.28511,26.30858,LEFT_ACCELERATE
-1,1.702378,1.266699,-1,-1,-8.311462,0.2791803,56.29536,26.40282,LEFT_ACCELERATE
-1,1.07389,0.7837246,-1,-1,-9.757359,0.2791706,56.19141,26.50021,LEFT_ACCELERATE
-1,1.290656,0.947898,-1,-1,-11.42599,0.279164,56.06203,26.61259,ACCELERATE
-1,1.2822,0.9414065,-1,-1,-12.89787,0.2791621,55.97334,26.71159,ACCELERATE
-1,1.274769,0.9357314,-1,-1,-14.21882,0.2791623,55.90666,26.80039,ACCELERATE
-1,1.375597,1.012793,-1,-1,-15.85185,0.27916,55.82992,26.91015,LEFT_ACCELERATE
-1,2.703287,2.073434,-1,-1,-17.3174,0.2791619,55.69902,27.00901,LEFT_ACCELERATE
-1,3.832005,3.046294,-1,-1,-18.67166,0.2791614,55.50329,27.10089,LEFT_ACCELERATE
-1,3.72718,2.96476,-1,-1,-20.35184,0.2791612,55.26231,27.21485,ACCELERATE
-1,3.467092,2.757473,-1,-1,-21.83464,0.2791611,55.06083,27.31532,ACCELERATE
-1,3.269723,2.581516,-1,-1,-23.13404,0.2791616,54.88988,27.40331,ACCELERATE
-1,3.091136,2.355276,-1,-1,-24.58459,0.2791606,54.69106,27.50161,LEFT_ACCELERATE
-1,2.745075,2.120472,-1,-1,-26.05505,0.2791691,54.38755,27.60257,LEFT_ACCELERATE
-1,2.291231,1.843821,-1,-1,-27.53475,0.2791822,53.87756,27.7079,LEFT_ACCELERATE
-1,1.830788,1.471223,-1,7.834757,-28.79444,0.2791748,53.30313,27.80094,LEFT_ACCELERATE
-1,1.578823,1.189362,-1,8.048602,-30.152,0.2791654,52.65311,27.90201,ACCELERATE
-1,1.56155,1.070569,9.972085,8.138855,-31.62436,0.279162,51.9752,28.01084,ACCELERATE
-1,1.853922,1.113544,9.449586,8.127846,-32.88329,0.2791608,51.40665,28.10358,LEFT_ACCELERATE
-1,2.199799,1.229598,9.158934,8.034344,-34.18388,0.279163,50.75335,28.20138,LEFT_ACCELERATE
-1,2.488274,1.372999,9.006046,7.883585,-35.45718,0.2791861,49.92174,28.30374,LEFT_ACCELERATE
-1,2.413162,1.409644,9.107179,7.819711,-36.55672,0.279199,48.92233,28.40384,LEFT_ACCELERATE
-1,2.361938,1.402843,9.16855,7.820174,-37.53592,0.2791863,47.74775,28.50674,LEFT_ACCELERATE
-1,2.438348,1.419688,9.115127,7.812544,-38.40632,0.2791837,46.48531,28.60986,LEFT_ACCELERATE
-1,2.252731,1.394611,9.343988,7.820202,-39.13397,0.2791992,45.0303,28.71944,LEFT_ACCELERATE
-1,1.932891,1.282001,9.743855,7.919901,-39.51268,0.2791947,43.86952,28.80164,LEFT_ACCELERATE
-1,1.713719,1.155214,9.974963,8.042322,-39.846,0.2791842,42.36537,28.90522,LEFT_ACCELERATE
-1,1.655806,1.07346,9.915077,8.137919,-40.11803,0.2791687,40.90464,29.00501,ACCELERATE
-1,1.981518,1.151915,9.531006,8.109787,-40.40961,0.2791644,39.48689,29.10221,ACCELERATE
-1,2.551188,1.353284,9.177907,7.985932,-40.76182,0.2791616,37.92147,29.20994,ACCELERATE
-1,3.211222,1.685402,8.787491,7.765244,-41.09673,0.2791612,36.50788,29.30747,ACCELERATE
-1,3.972638,2.084404,8.337955,7.421116,-41.43462,0.2791606,35.12352,29.40314,ACCELERATE
-1,4.657214,2.443211,7.93415,7.058264,-41.83547,0.2791605,33.51383,29.51451,ACCELERATE
-1,5.355459,2.809246,7.522451,6.692393,-42.18613,0.2791604,32.12369,29.61075,ACCELERATE
